{"cameraMode":{"drawMode":0,"name":"Shaded","section":"Shading Mode"},"sceneLighting":true,"audioPlay":false,"sceneViewState":{"showFog":true,"showMaterialUpdate":false,"showSkybox":true,"showFlares":true,"showImageEffects":true,"showParticleSystems":true},"in2DMode":false,"pivot":{"x":6.0849609375,"y":4.5390625,"z":8.03070068359375},"rotation":{"x":0.25656044483184817,"y":-0.7114024758338928,"z":0.31974151730537417,"w":0.5708315372467041},"size":9.558449745178223,"orthographic":true}