{"cameraMode":{"drawMode":0,"name":"Shaded","section":"Shading Mode"},"sceneLighting":false,"audioPlay":false,"sceneViewState":{"showFog":true,"showMaterialUpdate":false,"showSkybox":false,"showFlares":true,"showImageEffects":true,"showParticleSystems":true},"in2DMode":false,"pivot":{"x":6.675375461578369,"y":2.335150718688965,"z":5.838758945465088},"rotation":{"x":-0.011527606286108494,"y":-0.9159829020500183,"z":0.4001830816268921,"w":-0.02638341672718525},"size":3.5847179889678957,"orthographic":true}