{"cameraMode":{"drawMode":0,"name":"Shaded","section":"Shading Mode"},"sceneLighting":false,"audioPlay":false,"sceneViewState":{"showFog":true,"showMaterialUpdate":false,"showSkybox":false,"showFlares":true,"showImageEffects":true,"showParticleSystems":true},"in2DMode":false,"pivot":{"x":6.675375461578369,"y":2.335150718688965,"z":5.838758945465088},"rotation":{"x":-0.007299233227968216,"y":0.6206434369087219,"z":-0.005778011400252581,"w":-0.784037709236145},"size":4.041658401489258,"orthographic":false}