{"cameraMode":{"drawMode":0,"name":"Shaded","section":"Shading Mode"},"sceneLighting":false,"audioPlay":false,"sceneViewState":{"showFog":true,"showMaterialUpdate":false,"showSkybox":false,"showFlares":true,"showImageEffects":true,"showParticleSystems":true},"in2DMode":false,"pivot":{"x":2.043973922729492,"y":6.544530868530273,"z":-2.9286675453186037},"rotation":{"x":-0.09571760147809982,"y":-0.7128497958183289,"z":0.09922803193330765,"w":-0.6876316070556641},"size":14.945274353027344,"orthographic":false}