{"cameraMode":{"drawMode":0,"name":"Shaded","section":"Shading Mode"},"sceneLighting":false,"audioPlay":false,"sceneViewState":{"showFog":true,"showMaterialUpdate":false,"showSkybox":false,"showFlares":true,"showImageEffects":true,"showParticleSystems":true},"in2DMode":false,"pivot":{"x":6.882543563842773,"y":2.224541187286377,"z":6.243895530700684},"rotation":{"x":-0.11727968603372574,"y":0.6329485177993774,"z":-0.09780436754226685,"w":-0.7589835524559021},"size":2.040086030960083,"orthographic":false}